,minimum_temperature_in_dc,maximum_temperature_in_dc,rainfall_in_mm,evaporation_in_mm,sunshine_in_hours,direction_of_maximum_wind_gust,speed_of_maximum_wind_gust_in_kmph,time_of_maximum_wind_gust,9am_temperature_in_dc,9am_relative_humidity_in_pct,9am_cloud_amount_in_oktas,9am_wind_direction,9am_wind_speed_in_kmph,9am_msl_pressure_in_hpa,3pm_temperature_in_dc,3pm_relative_humidity_in_pct,3pm_cloud_amount_in_oktas,3pm_wind_direction,3pm_wind_speed_in_kmph,3pm_msl_pressure_in_hpa,max_demand,price_category,mean_temp
3/07/2021,6.6,10.6,6.6,2.8,4.5,N,43,13:45,7.9,75,5,N,19,1016.3,9.8,63,5,NNW,22,1014.9,6972.85,2,8.725
23/07/2021,7.8,11.3,0,0.6,1.5,N,31,01:36,8.2,80,7,N,7,1006.8,10.9,64,7,N,13,1003.6,7329.83,4,9.55
20/07/2021,9.9,11.4,0.6,2.2,0.3,SW,54,17:18,10.8,80,7,N,13,1005.2,8.6,86,8,SSW,13,1007.4,7556.79,3,10.175
22/07/2021,5.1,11.8,0.6,2.6,0.1,NNW,46,14:11,7.8,88,7,N,17,1015.8,10.5,66,7,N,22,1010.7,7536.62,4,8.8
9/07/2021,2,12,0,1,9,NNE,15,10:29,4.6,92,4,NE,4,1017.9,11,67,2,SSW,7,1015.7,7536.11,4,7.4
15/05/2021,7.3,12.9,7.4,2.4,7.5,SSW,54,04:25,8.6,72,4,W,13,1018.1,11.9,59,6,SSW,11,1020.5,6319.27,3,10.175
5/06/2021,3.8,12.9,0,1.4,3.5,N,52,14:43,6.7,74,7,N,11,1021.4,12,57,7,N,26,1017.6,6484.85,3,8.85
17/06/2021,7.8,12.9,0.8,1,2.6,N,20,07:03,9.4,83,7,N,9,1010.5,12.4,70,7,N,4,1008.8,7286.57,4,10.625
26/08/2021,5.5,12.9,1.2,2.4,1,SE,31,12:54,9.2,82,7, ,1,1022.7,12.2,55,7,SSE,13,1020.3,7126.76,4,9.95
19/07/2021,9.1,13,0,1.8,2.9,NNW,31,14:00,10.4,72,7,N,13,1016.2,12.2,72,7,N,11,1012.5,7130.82,4,11.175
25/07/2021,5.8,13,0.8,3.6,7.2,NNW,48,14:35,8.1,60,1,NW,19,1003.6,12.5,47,7,NW,13,1004.8,6817.65,3,9.85
29/05/2021,10.4,13.1,0,2,4.1,SSE,26,14:41,11.3,58,7,SSE,6,1034.2,12.7,55,5,S,13,1032.3,6441.38,4,11.875
4/07/2021,6.5,13.1,0.2,1.2,3.5,NNW,46,14:32,7.7,79,3,N,20,1016.4,12.2,67,7,NW,17,1015.3,6849.08,3,9.875
5/07/2021,4.6,13.1,0.4,1.6,1.9,SSW,22,12:47,6.8,82,7,NE,9,1022.7,12.7,66,7,SW,7,1021.5,7629.77,4,9.3
7/07/2021,6.8,13.1,0,0.8,2.2,,33,,7.8,74,6,NE,9,1026,12,49,7,NW,6,1023.8,7349.58,4,9.925
24/08/2021,6.4,13.1,10.4,4,6.2,S,39,09:38,10.8,53,7,SSE,17,1021.5,11.7,55,6,S,17,1021.6,6717.65,3,10.5
8/06/2021,9.3,13.2,3,4.8,2.3,N,48,00:39,9.3,89,7,NNE,9,1005,11.1,72,7,W,11,1004.8,7228.52,4,10.725
18/06/2021,6.1,13.2,1.6,1.8,0.1,SSW,26,13:15,9.4,100,7,S,2,1012.6,12.5,98,7,SSW,9,1014.4,6838.24,3,10.3
25/06/2021,10.6,13.2,0.6,2.4,0.3,N,37,00:05,11,88,7,N,13,1010.3,12.6,94,7, ,1,1011.1,6855.19,3,11.85
6/07/2021,6.7,13.2,0,1,0.6,NW,20,03:16,8.7,74,7,N,9,1023.4,12.9,55,7,NNW,11,1022.2,7281.69,4,10.375
26/06/2021,10,13.4,5.6,0.2,4.6,NNW,28,22:26,10.5,79,3,W,9,1019.9,12.4,56,3,WSW,9,1020.1,6404.33,3,11.575
4/06/2021,10,13.6,2,1.2,2,S,37,15:23,10.9,81,3,SW,7,1017,11.9,66,7,W,7,1018.5,6934.53,4,11.6
21/07/2021,6.5,13.6,10.8,1.6,2.8,WSW,31,00:37,8.9,80,7,W,6,1020.5,12,69,6,WSW,7,1019,7391.37,4,10.25
27/08/2021,4.6,13.6,0,1.2,3.8,SSW,15,12:18,7.7,88,7, ,1,1020,12.8,65,7,SSE,7,1017.4,6769.89,4,9.675
17/07/2021,7.6,13.7,0.2,2.8,0.8,NNW,33,07:56,8.7,67,7,N,13,992.8,13.2,66,7,W,11,996.7,6486.18,2,10.8
28/05/2021,11,13.8,0.4,0.4,0.5,S,39,07:07,12.2,60,7,S,15,1031.8,12.7,59,7,S,11,1032.4,6887.79,4,12.425
14/07/2021,9.8,13.9,2.2,3,0.5,N,44,05:56,10.3,84,7,N,13,1005,13.4,73,7,N,24,1000.8,7175.95,4,11.85
17/08/2021,9.8,13.9,0.4,2,3.3,SSW,30,11:13,11,87,7,W,9,1025.5,12.7,79,7,S,15,1024.8,6849.04,4,11.85
25/08/2021,8,14.1,2.2,1.2,5.4,S,37,16:26,12.1,73,3,SSE,15,1023.3,13.4,59,6,SSW,17,1021.8,6736.8,4,11.9
10/07/2021,3.2,14.2,0,0.8,6.6,NE,15,10:33,5,100,7,NNE,6,1024.4,12.1,80,1,SSW,9,1024.4,6825.14,4,8.625
18/07/2021,8.5,14.2,4.2,1,3,WNW,28,01:03,10.4,83,3,NW,9,1014.5,13,65,7,SW,7,1015.1,6759.22,4,11.525
6/08/2021,10.7,14.2,0.2,2.2,0.6,NNW,28,20:22,12.1,74,7,WNW,9,1024.5,13.9,60,8,NW,13,1023.1,6650.37,3,12.725
23/08/2021,10.8,14.3,0.8,7,5.4,NW,50,00:12,11.2,67,3,WSW,11,1011.1,11.7,54,5,WSW,9,1012.2,6708.96,3,12
13/07/2021,8.9,14.4,0.4,2.4,2.4,N,37,11:20,10.7,84,7,N,11,1014.2,13.8,69,7,N,19,1011.7,7174.57,4,11.95
24/07/2021,7.5,14.4,0,1.4,3.4,NNW,48,14:46,9.5,78,7,N,19,998.2,13.9,53,5,NNW,19,995.3,6492.94,3,11.325
16/08/2021,11,14.4,0.2,6.6,2.8,WNW,44,12:45,12.2,70,7,WNW,13,1022.8,14.2,62,7,WSW,17,1022.8,6595.54,2,12.95
11/04/2021,8.1,14.5,3.4,5.2,6.1,S,56,12:02,9.8,75,4,WNW,11,1014.8,14.1,56,5,SSW,19,1016.9,5829.16,2,11.625
30/05/2021,1.7,14.5,0,2.4,8.9,NNE,17,23:16,3,94,1,NNE,9,1031.5,14.1,48,7,NE,4,1015.75,6783.18,4,8.325
20/06/2021,5.2,14.5,0,0,6.9,SE,20,10:40,9.1,100,1,E,4,1027.8,13.8,69,2, ,1,1025.4,6628.57,4,10.65
2/07/2021,9.7,14.5,0.2,2.8,1.7,N,43,15:02,12.7,83,6,N,9,1014.6,14.4,72,7,N,22,1010.4,6851.32,4,12.825
3/08/2021,8.7,14.5,4.8,2.6,4.1,NNW,35,12:23,10.6,77,2,N,9,1008.1,13.3,53,6,WNW,15,1007.7,7197.61,2,11.775
4/08/2021,7.8,14.5,0.6,1.8,3.4,WSW,31,12:09,10.2,78,7,W,11,1016,14.3,67,7,W,9,1015.5,6831.32,3,11.7
26/05/2021,11.9,14.7,5,3.4,1.4,WNW,39,05:45,13.1,60,7,WNW,11,1016.9,13.9,53,7,W,11,1019.7,6801.36,4,13.4
6/06/2021,6.7,14.7,0,2.6,4.2,N,39,12:17,11,81,7,N,17,1022.2,13.6,73,5,N,17,1019.9,6192.29,4,11.5
9/06/2021,7.8,14.7,4,1.6,0.5,S,67,23:47,9.7,83,7,SSW,4,1010.7,12.3,86,8,S,20,1008.8,7224.91,2,11.125
21/04/2021,7.1,14.9,10.4,0.2,7.7,N,19,23:00,10,65,1,NW,2,1019.2,14.2,48,6,S,7,1015.4,6539.68,4,11.55
30/07/2021,8,14.9,0,2.6,6.4,N,61,22:32,9.9,59,1,NNE,19,1015.1,13.6,49,7,N,26,1011,6684.48,3,11.6
27/05/2021,9.8,15,0.4,1.6,0.6,W,33,14:15,11.3,94,7,SSW,4,1025.9,14.2,73,7,WSW,11,1025.3,6551,3,12.575
11/06/2021,6.8,15,0.4,0.4,1.3,WNW,22,23:37,7.9,100,7,N,6,1016,14.6,80,7,SSW,7,1013.7,6784.83,4,11.075
16/04/2021,11.5,15.1,1,4.2,1.3,SSW,24,10:53,12.3,75,7,NNE,6,1024.2,14.5,56,7,S,7,1023.9,6202.21,2,13.35
10/06/2021,9.7,15.1,12,3.6,0.3,S,67,00:33,14.5,78,8,SSE,30,1009.5,14.3,71,7,ESE,11,1009.8,6516.17,4,13.4
28/06/2021,6.4,15.1,0,1.4,9,NNW,24,12:27,7.8,97,1,NNE,7,1032.8,14.6,53,1,NNE,9,1031,7214.06,4,10.975
16/07/2021,10.9,15.2,0.2,0.8,2.4,NNW,41,12:08,11.1,75,7,N,17,989.7,13.8,60,5,WNW,6,989,6745.77,3,12.75
23/06/2021,5.6,15.3,0,2.7,2.1,N,46,10:33,13.9,63,8,N,9,1019.4,14.8,67,7,N,17,1012.5,7077.89,3,12.4
27/06/2021,9.7,15.3,0,2.4,4.9,NNW,26,01:43,10.9,81,5,N,11,1025.9,13.6,75,5,SSW,9,1027,6381.64,3,12.375
17/05/2021,10.2,15.4,0.4,0.6,7.1,SW,30,01:39,11.8,85,2,WSW,9,1024.7,14.2,53,6,SSW,11,1025.4,6856.41,4,12.9
21/06/2021,3.9,15.4,0.2,0.4,9.1,N,26,12:22,6.3,94,1,NE,7,1028.7,14.6,51,1,N,15,1025.8,7247.87,4,10.05
29/07/2021,6.7,15.4,0.8,3.4,7.8,NNW,41,14:41,8.7,67,6,NNW,19,1013.5,14.9,52,1,NNW,17,1013.5,6990.16,4,11.425
2/08/2021,6.5,15.4,0,2.8,9.1,N,50,13:45,10.2,67,1,NNE,15,1016.2,15.2,43,3,NNW,24,1011.5,6914.27,2,11.825
4/05/2021,9.4,15.5,30.8,4.6,0.1,S,39,14:46,12,100,7, ,1,1019.9,14.4,78,8,S,19,1021.5,6663.33,3,12.825
16/05/2021,8.3,15.5,0.2,3,3.2,NW,35,14:15,10.3,67,6,N,11,1021.8,14.5,59,7,NW,11,1019.1,6066.36,2,12.15
7/08/2021,10.5,15.5,0,1.6,2.4,NW,30,06:10,11.2,75,7,NW,11,1026.9,13.2,75,7,SSW,11,1026.4,6419.69,4,12.6
18/08/2021,7.6,15.5,0.6,1.8,1.8,N,24,14:41,10.4,82,7,NW,9,1026,15.1,53,7,N,13,1021.9,6788.59,4,12.15
14/05/2021,7.8,15.6,4.2,2.4,4.5,W,35,11:04,11.5,71,3,NW,11,1014.5,13.5,67,3,WSW,6,1013.6,6493.23,2,12.1
15/06/2021,7,15.6,0,0.8,0,N,24,17:27,8.5,89,7,NNE,7,1017.5,15,60,7,NNE,9,1014.5,6927.87,4,11.525
1/06/2021,5.7,15.7,0,4,1.3,N,39,11:32,9.2,60,8,NNE,13,1020.8,15.3,48,7,N,17,1019.4,6945.56,4,11.475
1/08/2021,8,15.7,18,6.8,9,NNW,30,12:08,11.1,72,1,NW,9,1010.6,14.6,42,3,W,9,1011.5,6526.06,4,12.35
5/08/2021,9.8,15.8,0.4,1.6,3.9,WNW,31,14:49,11.8,80,7,WNW,11,1021.7,15.2,63,7,W,15,1020.1,6416.19,2,13.15
13/06/2021,10.9,15.9,0,1.4,0.7,NNW,17,10:49,11.7,86,7, ,1,1018.8,14.3,69,7,S,6,1016.8,6112.1,3,13.2
18/05/2021,10,16,0,1.8,0.7,NW,20,11:17,11.4,77,7,NE,9,1029.1,15.6,57,7,NNW,6,1026.5,6809.87,4,13.25
16/06/2021,8.3,16,1.8,2.2,2.9,NNW,41,12:56,11.5,88,7,NNE,13,1011.4,15.4,60,7,N,15,1008.1,7031.11,3,12.8
31/05/2021,3,16.1,0,2.2,9.1,NNE,31,15:39,5.7,76,0,NNE,11,1025.2,15.7,48,2,NNE,17,1021.6,7042.12,3,10.125
11/07/2021,5,16.1,0,0.8,5.7,N,43,13:34,6.5,100,3,NNE,13,1025.9,14.4,52,7,N,20,1022.2,6511.44,3,10.5
12/07/2021,5.9,16.1,0,3,5.1,N,50,12:55,11.4,71,7,N,13,1018.1,15.8,44,1,N,24,1013.6,7095,3,12.3
19/06/2021,9.1,16.2,2.2,1.6,4,SE,28,10:38,11.4,100,7,S,6,1024.5,13.4,86,6,SSW,13,1025.1,6263.41,4,12.525
29/08/2021,9.1,16.2,0.6,6.4,4.3,NNE,33,01:50,10.6,79,7,N,13,1011.4,12.8,84,7,S,6,1010.4,6227.89,4,12.175
11/05/2021,10.7,16.3,15.8,2.8,0.1,S,41,04:50,12.2,100,8,SSW,9,1018.7,15.7,71,7,SE,17,1021.3,6578.07,4,13.725
22/06/2021,3.7,16.3,0,2,1.9,NNE,28,13:37,5.6,91,7,NNE,6,1029.6,14.4,56,7,NNE,13,1026.2,7162.85,4,10
14/06/2021,9.7,16.4,0,1.4,1.6,ESE,15,16:16,11,89,7,NNE,7,1018,15.9,57,6,SSE,6,1015.5,6366.51,3,13.25
26/07/2021,8.1,16.4,0,1,2.9,NNW,43,10:41,12.4,75,7,N,13,1010.9,15.8,62,7,NNW,20,1009.7,6763.92,3,13.175
8/08/2021,5.8,16.4,0.6,1.2,5.5,N,17,08:51,7.2,100,1,N,11,1032.6,14.6,58,7,S,6,1029.3,6477.76,4,11
9/08/2021,7.1,16.4,0,2.8,2.7,N,30,13:56,9.1,82,7,NNE,9,1028.1,15.1,60,6,NNW,19,1023.3,6675.69,3,11.925
12/06/2021,7.4,16.5,9.4,0.4,1,WNW,33,12:32,12.7,85,7,WNW,7,1014.4,15.5,61,7,W,11,1014,6062.58,4,13.025
27/04/2021,11.8,16.6,0.6,2,0.9,W,19,08:57,13.4,87,7,WSW,9,1029.5,16.3,73,7,SSW,11,1026.7,6487.76,4,14.525
12/08/2021,8.1,16.6,2.8,4.4,4.7,NNW,31,10:24,10.6,71,7,N,11,1025.2,15.4,50,7,W,13,1024.3,6537.7,3,12.675
24/06/2021,9.8,16.7,0,1,5.2,N,41,12:07,12.6,85,1,N,6,1007.2,15.3,54,7,N,17,1004.9,6787.77,4,13.6
29/06/2021,4.2,16.7,0,2.2,8.8,NNW,43,14:12,6.8,88,1,NE,2,1032.5,16.2,55,2,N,19,1029.4,6950.26,3,10.975
12/04/2021,9.7,16.8,10,3.2,3.9,W,28,02:30,11.7,95,6,WNW,6,1023.7,16,65,6,SSW,11,1021.8,6415.58,3,13.55
28/07/2021,11.1,16.8,0,5.4,4.7,NNW,50,05:28,14.3,70,6,N,13,998.2,12,65,7,WNW,11,998.4,7125.58,3,13.55
28/04/2021,7.4,16.9,0.4,3,9.5,SSW,22,15:03,12.3,87,1, ,1,1026.4,14.8,70,5,S,13,1023.9,6461.27,4,12.85
10/05/2021,11.7,16.9,0.2,3.8,0.5,N,41,13:18,14.3,68,7,N,19,1010.2,16.2,56,7,NNW,13,1007.6,6352.55,4,14.775
3/06/2021,10.4,16.9,0.2,3.4,7.5,N,24,01:09,12.2,93,2,NE,7,1015.1,16.7,62,5,SSW,9,1012.9,6421.12,4,14.05
30/06/2021,5.5,16.9,0,1.2,6.8,N,39,14:04,11.3,79,1,NNE,9,1026.8,16.8,57,1,N,19,1022.6,6648.79,3,12.625
22/04/2021,9.9,17,0,4,1.6,WSW,30,16:15,13.4,62,7,NNW,13,1013.3,16.8,46,7,WNW,9,1012,6464.1,3,14.275
20/05/2021,12,17,0,4,0.2,N,37,01:01,12.7,62,7,N,17,1025.8,16.7,55,7,SW,4,1026.3,6763.11,3,14.6
15/07/2021,10,17.1,3,1.6,7,N,43,12:40,12.3,84,5,N,17,1000,16.4,67,4,N,22,996.6,6715.55,3,13.95
27/07/2021,10.1,17.1,0,3.4,4.3,N,67,21:40,11.1,67,2,N,19,1011.1,16.4,48,7,N,26,1003.7,6646.82,3,13.675
7/06/2021,10.7,17.2,0,1,2.6,N,59,14:39,12.5,73,7,N,22,1016.7,16.5,55,7,N,28,1009.3,6614.71,3,14.225
1/07/2021,10.5,17.2,0,1.4,8.9,NNW,35,12:17,12.3,86,1,N,11,1022.3,16.6,58,1,N,20,1019.1,6752.13,3,14.15
9/04/2021,13.8,17.3,6.2,6.4,7.9,S,35,03:11,15.2,59,5,W,13,1010,15.7,62,6,S,17,1009.6,5688.63,2,15.5
23/04/2021,12.1,17.3,0.4,3,2,WSW,31,09:24,14.7,66,7,W,11,1018.6,16.4,51,7,WSW,9,1018.5,6154.8,4,15.125
5/05/2021,7.2,17.3,0,0.8,9.1,SSW,30,12:37,12.2,83,1, ,1,1026,17,52,5,SSW,9,1023.4,6389.08,2,13.425
20/08/2021,8.7,17.3,0.8,3.6,3.2,N,50,14:27,11.3,80,6,NNE,11,1016.7,16.7,51,3,N,28,1012.1,6331.48,2,13.5
19/08/2021,8.2,17.4,0,2.6,8.3,N,31,15:18,11.6,72,5,N,13,1023.3,16.7,50,2,N,17,1019.3,6344.8,3,13.475
13/05/2021,8.1,17.6,0,1.2,1,NNW,39,11:57,14,65,7,N,15,1012.5,13.1,90,8,NW,9,1011.1,6679.05,3,13.2
13/08/2021,8.1,17.6,0,1.2,10.1,NW,33,13:04,11.8,73,1,N,15,1026.9,17.1,44,3,W,9,1025.1,6300.74,2,13.65
30/08/2021,6.4,17.6,4,1.4,7.4,NNW,50,14:04,11.1,70,7,N,15,1016.1,16.8,45,1,NNW,28,1013.2,6072.91,3,12.975
3/03/2021,14.2,17.7,0,4.4,2.1,SSW,33,14:42,15.2,62,7,SSE,11,1020,17.3,54,7,S,13,1019.8,5526.41,2,16.1
14/03/2021,11,17.7,17.2,7.4,10,SW,31,02:19,11.9,71,1,W,7,1021.1,17.2,49,5,S,15,1021.8,4920.14,1,14.45
17/04/2021,12.3,17.7,0,3.2,3.7,SSE,22,14:57,14.2,50,7,W,9,1025.6,16.7,50,7,S,13,1024,5450.82,3,15.225
21/05/2021,6.2,17.7,0,1.6,8.9,NNE,15,08:39,7.2,100,1,NNE,11,1031.9,16.4,44,1,SSW,7,1028.6,6736.74,4,11.875
10/08/2021,9.1,17.7,0,2.4,8.1,N,52,11:11,12.4,77,6,N,19,1022.4,17.5,45,6,N,24,1017.9,6234.67,3,14.175
25/04/2021,9.9,17.8,2.6,1.2,3.6,SSW,24,19:10,12.8,83,6,N,2,1027,16,70,7,SSW,4,1025.2,5835.47,3,14.125
28/08/2021,5.3,17.8,0,1.6,9.6,N,39,13:14,9.1,80,1,N,7,1018.6,17.4,31,3,NNW,24,1013.5,5716.32,2,12.4
26/04/2021,10.9,17.9,1.2,2.2,0.8,SSW,20,10:50,13.6,83,7,SW,6,1027.9,16.1,68,7,S,9,1027.1,6436.32,4,14.625
5/03/2021,15,18,1.4,4.4,3.6,S,35,00:36,15.8,55,7,S,13,1015.1,17.1,53,7,SSW,20,1015.7,5319.54,1,16.475
2/03/2021,13.3,18.1,0,6.2,1.4,SSW,39,13:24,14.7,55,7,S,15,1018.1,17,44,7,SSW,15,1018.6,5459.22,1,15.775
31/07/2021,9.9,18.1,0,7,6.3,N,54,01:23,13.1,54,1,N,20,1006.1,17.1,48,6,N,22,1002,6018.75,3,14.55
29/03/2021,13.8,18.2,1,2.8,8,SSW,35,14:21,15.4,73,7,SSW,11,1024,17.4,55,7,S,15,1024.7,5536.91,2,16.2
3/05/2021,12.5,18.2,0.2,6.8,0.8,S,28,18:35,15,80,7,SW,7,1019.6,17,74,7,SSW,9,1017.6,6183,2,15.675
10/04/2021,12.9,18.3,0.2,2.8,3.9,WSW,54,14:43,14.1,71,6,WNW,11,1007.9,15.4,53,7,SW,17,1008,5366.73,2,15.175
24/04/2021,13.1,18.3,0,3.2,1.8,NW,30,13:06,15.1,56,7,NNW,15,1023.2,17.3,58,7,SSE,2,1021.8,5763.75,3,15.95
8/07/2021,10.9,18.3,0,1.8,8.3,,33,,13.4,75,2,,9,1018.1,12,55,6,NE,9,1019.4,7685.69,4,13.65
29/04/2021,8.2,18.4,0,2.2,9.9,SSW,17,13:44,12,83,1, ,1,1025.1,17.5,66,2,SSW,9,1022.9,6405.5,4,14.025
14/08/2021,6.9,18.4,0,3.4,7.8,NNW,31,15:01,10.9,78,1,N,11,1028.7,17.3,41,6,WNW,13,1025.1,6049.06,3,13.375
12/05/2021,7.3,18.5,0.8,2.6,8.8,SSE,24,03:04,11,84,3,NNE,7,1024.8,17.9,52,1, ,1,1019.6,6406,4,13.675
19/05/2021,9.8,18.5,0,3.6,6.7,N,39,14:45,12.5,70,2,N,15,1027.6,17.9,45,7,NNW,13,1024.3,6450.43,4,14.675
4/01/2021,16,18.6,2.6,3.8,0,SSE,41,16:03,16.2,98,8,SSE,11,1010,18.2,82,8,SSW,17,1011,4764.18,1,17.25
27/02/2021,11.3,18.6,0,6,1,SSW,20,17:50,13.5,71,7,NNE,6,1013.4,17.8,62,7,SSW,9,1012.8,4836.05,2,15.3
20/04/2021,14,18.7,0,5.6,1.9,SSW,44,19:42,16.3,53,5,N,9,1011,11.4,88,7,W,6,1011,6632.03,3,15.1
18/04/2021,13.1,18.8,0,3.2,0.7,NNW,20,11:20,14.9,77,7,NW,2,1023.5,17.5,64,7,S,2,1020.3,5572.65,4,16.075
19/01/2021,14.2,18.9,0,8,9.9,S,41,13:57,15.8,52,7,SSE,15,1023.5,17.7,50,1,S,19,1023.7,4816.53,1,16.65
30/03/2021,9.8,18.9,0,3.6,10.2,SSW,26,13:08,11.5,84,7,NE,2,1027.1,18.5,60,1,SSW,11,1025.7,5826.39,3,14.675
5/04/2021,16,19,0,5.8,8.1,SSW,30,15:38,16.9,58,7,SSE,9,1022.7,18.1,58,3,SSW,17,1021.5,5078.44,2,17.5
15/08/2021,10.1,19,0,3,9.1,NNW,54,13:07,12.1,63,3,N,17,1024.1,18.3,31,2,W,22,1019.2,5661.48,2,14.875
5/01/2021,15.9,19.1,11.2,1,0,SSE,35,11:02,17.2,96,8,SSE,13,1012.5,18.2,82,8,SSE,19,1013.3,4800.64,1,17.6
6/01/2021,13.7,19.2,1.2,1,3.2,S,35,14:56,15.2,72,7,S,11,1020,18.1,63,7,SSW,17,1020,4691.13,1,16.55
7/02/2021,14.7,19.2,1.8,5.6,2,SSW,37,11:23,15.5,89,7,W,7,1011.5,17.4,69,7,S,17,1013.7,4573.98,1,16.7
8/02/2021,15,19.2,0.4,4,1.7,SW,35,13:14,15.9,59,7,SSE,13,1017.5,18.5,60,7,S,17,1017.6,5047.36,1,17.15
23/02/2021,13.1,19.2,0,7.2,8.5,SSE,43,05:09,16.4,49,6,SSE,15,1018.7,18.2,45,4,SSW,17,1019.4,5213.07,1,16.725
22/05/2021,3.6,19.2,0,3,9.3,N,35,12:19,6.8,77,1,NNE,7,1027,18.9,36,0,N,13,1023.6,6108.91,4,12.125
11/08/2021,12.4,19.2,0,7,3.6,NNW,54,13:44,14.4,47,5,N,28,1012.2,16.7,44,8,WNW,17,1009.8,6687.69,2,15.675
26/01/2021,17.7,19.3,10.6,8.6,0.1,SSW,35,13:20,17.7,100,8,SSW,13,1002.3,18.3,71,8,SSW,17,1006.2,5035.74,2,18.25
2/02/2021,14.5,19.3,0,3,3.4,SSW,41,14:52,16.7,56,7,S,15,1016.5,18.2,47,7,SSW,20,1017.3,5133.34,1,17.175
6/03/2021,14.2,19.4,0,5.6,10,S,33,17:07,15.2,57,7,SE,9,1014.8,18.3,58,2,S,17,1014.1,4839.75,1,16.775
8/03/2021,13.7,19.6,0.2,6,0,SSW,31,16:30,17.4,88,8,WSW,6,1010.4,17.5,79,8,SSW,4,1010.3,5266.54,2,17.05
9/03/2021,13.5,19.6,5.4,0.2,6.9,SSE,33,14:44,14.2,93,7,WSW,6,1017,18.5,63,4,S,15,1018,5527.62,2,16.45
2/06/2021,9.2,19.6,0,3.2,7.7,NNW,33,13:14,12.4,63,1,N,9,1018.8,19,44,5,N,11,1015.2,6564.7,4,15.05
26/02/2021,13.3,19.7,0.4,7,6.3,SSW,33,14:18,14.7,64,7,WSW,7,1014.5,18.6,49,5,S,17,1014.1,5401.33,2,16.575
8/05/2021,9.9,19.8,0,2.8,5.1,SW,24,16:55,15.1,76,2,W,4,1013.9,17.3,69,7,SSW,6,1013.4,5517.34,3,15.525
24/05/2021,6.8,19.9,0,2.6,4.8,NE,31,12:40,10.7,73,7,NE,9,1027.4,18.4,47,6,N,13,1023.4,6354.64,2,13.95
14/02/2021,12.7,20,0,4,8.1,SSW,35,13:52,17.8,56,7,SE,9,1019.5,19.3,58,6,SSW,19,1019.3,4710.32,1,17.45
13/04/2021,7.8,20,0.6,0,2.5,N,59,15:18,11.5,81,7,NNE,9,1018.8,18.5,46,7,N,28,1011.6,5990.97,1,14.45
21/08/2021,10.6,20,1,3.6,10.2,NW,33,11:24,13.9,64,0,NNW,13,1015.3,18.9,44,4,NW,13,1013.8,5705.47,2,15.85
16/01/2021,11,20.1,2.6,6.8,3.7,,33,,15.7,66,7,W,13,1013.9,18.1,54,7,W,13,1014.1,4529.66,1,16.225
10/03/2021,12.2,20.1,0.2,6.8,7.2,SSW,30,14:35,15.5,81,7, ,1,1021.7,19.7,58,1,SW,11,1019.5,5538.74,2,16.875
31/08/2021,11,20.1,0,5.8,3.6,N,61,16:29,13.5,53,7,N,17,1018.1,19.4,43,6,N,30,1012.2,5779.56,2,16
17/01/2021,12.9,20.2,0,5.6,10.7,SSW,30,12:19,15,62,7,WSW,13,1018.9,19.2,49,6,S,13,1018.2,4473.05,2,16.825
24/02/2021,13,20.2,0,5,9.9,S,35,13:42,15.3,55,7,ESE,9,1020.5,18.5,53,7,SSW,19,1017.8,5459.82,1,16.75
28/03/2021,12.4,20.2,0,4.4,3.9,SSW,24,11:10,14.2,76,6,NNW,7,1018.8,18.3,55,7,SSW,9,1018.6,5019.74,2,16.275
6/04/2021,12.8,20.2,0,4,4.4,SSW,26,12:38,16.2,64,7,SE,9,1023.7,19.6,59,6,SSW,11,1021.5,5573.79,2,17.2
15/04/2021,14,20.2,0,7.4,5.4,SW,39,14:25,15.8,52,3,WNW,11,1016.2,15.7,71,7,WNW,6,1015.3,5936.95,2,16.425
23/05/2021,6.1,20.2,0,3.4,8.8,NNW,24,13:50,8.7,78,3,NNE,11,1027.4,20.1,42,3,NNE,13,1024.9,5999.22,4,13.775
1/02/2021,13.4,20.3,0,7.4,1.6,S,33,21:08,16.9,76,7,N,7,1012.8,19.4,69,7,S,13,1011.9,5228.29,2,17.5
24/03/2021,17,20.3,0.6,2.2,1.7,S,33,13:40,17.5,100,7,W,4,999.9,19.3,85,7,S,17,999.7,5549.13,2,18.525
9/05/2021,11,20.5,0.4,0,7.1,NW,28,13:06,13.7,97,6, ,1,1018.4,19.5,45,3,WNW,6,1014.9,5222.89,2,16.175
15/01/2021,13.2,20.6,0,7,7.9,WSW,50,14:49,16.4,53,4,NW,9,1009,16.6,46,7,WNW,13,1009,4742.85,2,16.7
21/02/2021,17.9,20.6,0,6,0,S,30,20:43,18.1,87,8,ESE,6,1011.4,19,75,8,SSW,13,1010.6,5031.1,1,18.9
16/03/2021,11.1,20.6,0,2.2,8,SSW,26,13:50,16.2,68,7,SSE,9,1026.7,19.6,62,1,SSW,13,1024.7,5580.93,2,16.875
19/04/2021,12,20.6,0,2.8,2.3,NW,30,13:27,15.3,64,6,N,9,1018.4,18.9,47,6,NNW,15,1014.1,5937.22,3,16.7
13/02/2021,14.7,20.8,0,6,4.9,S,35,14:54,17.2,68,6,W,6,1012.8,20.3,58,7,S,15,1014.8,4729.81,1,18.25
14/04/2021,11.5,20.8,0,7.8,6.8,N,43,01:40,18,46,1,NW,13,1010.9,20.1,46,7,WSW,11,1011.1,5731.88,3,17.6
25/05/2021,10.6,20.9,0,5.6,3.2,N,57,12:48,18.4,50,6,NNE,20,1015.3,15.5,76,8,N,22,1009.6,6347.45,3,16.35
25/03/2021,15.5,21.1,4.6,2.8,3.1,WNW,31,04:55,15.7,87,7,W,9,1005.3,19.8,52,7,WNW,13,1006.4,5385.08,3,18.025
27/03/2021,13.2,21.3,3.4,3.8,4.1,NW,31,14:21,14.9,88,7,NNW,7,1010.8,19.9,44,2,WNW,7,1010.6,4860.61,2,17.325
4/03/2021,13.6,21.4,0,4,2.6,WSW,35,22:37,15.3,60,7,WSW,11,1017.2,19,60,7,SSW,7,1015.3,5528.66,1,17.325
7/05/2021,10.5,21.5,0.2,2.4,3.6,NE,15,06:35,13.9,91,4,N,7,1014.8,20.2,37,6, ,1,1011.3,5957.64,4,16.525
12/01/2021,18.3,21.6,0,13.6,7.7,SSW,41,15:01,18.7,69,8,S,13,1016.3,20.1,60,1,SSW,17,1015.8,5349.3,2,19.675
29/01/2021,18.9,21.6,3.6,4.8,0.1,N,31,13:00,18.9,92,8,NNE,6,1011.9,20.1,92,8,N,13,1009.1,5737.11,2,19.875
1/03/2021,13.8,21.7,0,6.4,6.3,S,44,18:35,16.6,72,6,WSW,6,1012.3,19.7,67,6,S,15,1012.2,5225.37,1,17.95
21/03/2021,16.7,21.7,1.2,3,0,ESE,17,16:34,18.9,96,8,S,2,1022.6,21.5,86,8, ,1,1020,4958.01,2,19.7
31/01/2021,16.4,21.8,0,4,10.3,S,39,16:39,17.8,55,7,SE,13,1018.6,19.9,55,1,SSW,19,1017.2,4709.83,1,18.975
22/02/2021,15.9,21.8,0,2.8,6.3,SSW,43,15:24,17.8,71,7,WSW,9,1012.3,20.4,52,7,S,17,1012.5,5100.4,1,18.975
30/01/2021,16.7,21.9,43.2,3.6,4.5,S,33,16:34,17.9,74,5,WSW,7,1012.4,19.7,71,6,S,20,1013.3,4742.37,1,19.05
23/03/2021,17.6,22,13.8,0.6,0.6,SSW,30,14:29,17.8,100,7,SSE,4,1007.6,21,78,7,SSW,11,1002.5,5618.16,4,19.6
26/03/2021,11.2,22,0.2,2.8,6.5,N,33,12:05,13.3,77,1,NE,9,1013.7,20.4,46,7,NNW,17,1011,5651.13,2,16.725
14/01/2021,15,22.2,0,7,8,W,31,23:23,16.6,77,7,SW,7,1013.9,20.6,46,6,SSW,9,1013.1,5257.95,2,18.6
15/03/2021,8.9,22.2,0,2.4,5.2,S,24,22:26,11.1,74,5,NNE,9,1024.8,20.3,58,7,S,7,1023.3,5619.41,1,15.625
6/05/2021,7.6,22.2,0,2,8.4,SSE,19,00:01,10.8,83,1,NE,6,1021.6,21.6,56,1,WNW,2,1016.8,6342.41,4,15.55
22/08/2021,11.3,22.2,0,4,10.6,N,57,14:54,14.6,62,1,N,20,1014.5,21.6,37,1,NNW,37,1007.8,5325.33,2,17.425
18/01/2021,14.1,22.6,0,5.6,9,SSW,39,15:53,15.9,76,7,WSW,9,1018.1,20.6,58,2,S,19,1016.2,4895.82,1,18.3
20/01/2021,10.3,22.6,0,8,13,SSW,33,15:22,16.4,53,1,SE,11,1024.2,20.9,51,0,SSW,15,1020.2,5291.48,2,17.55
31/03/2021,11.4,22.8,0,3.2,8.9,S,19,15:44,15.3,77,7, ,1,1026.6,21,58,1,S,7,1023.7,5769.1,2,17.625
7/04/2021,14.9,23,0,3.2,4.9,SSW,20,16:55,15.8,82,8, ,1,1020.2,21.6,61,1,SSW,9,1015.8,5876.07,3,18.825
12/02/2021,17.4,23.3,4.6,12.2,5.6,SSW,28,04:17,17.5,67,7,WSW,11,1006,21.8,51,4,SW,9,1005.3,5460.87,1,20
20/02/2021,20.3,23.8,0,13.6,5.9,SSW,33,16:51,22.2,77,7, ,1,1013.2,22,76,4,SSW,11,1011.4,5984.31,1,22.075
